Reaction,Ori,Cobra,DeltaRelativo
rxn00001_c0,-563.6,1000,277.430801987225
rxn00001_d0,372.2,-824.1,321.413218699624
rxn00001_g0,-0,-0,NaN
rxn00001_v0,0,0,NaN
rxn00001_w0,-0,-0,NaN
rxn00006_c0,0.02865,500,-1745100.69808028
rxn00006_x0,0.02528,0,100
rxn00018_d0,0,277.8,-Inf
rxn00018_x0,0,0,NaN
rxn00048_d0,0.01686,-3.384e-17,100
rxn00069_d0,-241.8,2.202e-14,100
rxn00076_c0,0,0,NaN
rxn00076_d0,0,0,NaN
rxn00077_c0,0,0,NaN
rxn00077_d0,0,0,NaN
rxn00078_c0,0,0,NaN
rxn00078_x0,0,0,NaN
rxn00083_c0,-1000,-1000,-0
rxn00086_c0,0,0,NaN
rxn00086_d0,-6.74,4.675e-14,100.000000000001
rxn00086_m0,-0,-0,NaN
rxn00088_c0,-1000,-1000,-0
rxn00097_c0,363.1,-287,179.041586339851
rxn00097_d0,-289.2,287,199.239280774551
rxn00097_m0,-0.0295,-5.95e-15,99.9999999999798
rxn00097_n0,-0,-0,NaN
rxn00100_c0,0.01146,-5.414e-14,100.000000000472
rxn00100_x0,0,0,NaN
rxn00101_c0,121.9,0,100
rxn00102_c0,-393.7,944.4,339.878079756159
rxn00102_d0,80.87,-870.4,1176.29528873501
rxn00105_c0,0,-5.556e-14,Inf
rxn00116_c0,0,0,NaN
rxn00116_g0,0,0,NaN
rxn00117_c0,-276,-69.44,74.8405797101449
rxn00117_d0,-0,-0,NaN
rxn00117_m0,-0,-0,NaN
rxn00117_n0,-0,-0,NaN
rxn00117_x0,-0,-0,NaN
rxn00119_c0,9.186,5.431e-14,99.9999999999994
rxn00120_c0,0,0,NaN
rxn00120_g0,0,0,NaN
rxn00121_c0,0,0,NaN
rxn00121_d0,0,0,NaN
rxn00122_c0,0.008428,-1.692e-17,100
rxn00122_d0,0,0,NaN
rxn00123_c0,0,1000,-Inf
rxn00124_c0,0,0,NaN
rxn00124_d0,0,0,NaN
rxn00126_c0,6.605,4.799e-14,99.9999999999993
rxn00126_n0,0,0,NaN
rxn00128_c0,0,0,NaN
rxn00134_c0,3.444,4.81e-14,99.9999999999986
rxn00138_c0,0.06574,6.322e-14,99.9999999999038
rxn00139_c0,-3.107,0,100
rxn00141_c0,6.526,1.037e-13,99.9999999999984
rxn00148_c0,317.3,963,-203.498266624645
rxn00148_d0,-1000,-1000,-0
rxn00151_d0,0,0,NaN
rxn00154_d0,0,740.7,-Inf
rxn00154_m0,586.8,0,100
rxn00154_n0,0,0,NaN
rxn00159_m0,0,0,NaN
rxn00161_c0,0,0,NaN
rxn00161_d0,0,0,NaN
rxn00166_c0,0,703.7,-Inf
rxn00168_c0,19.24,0,100
rxn00175_d0,6.74,-4.675e-14,100.000000000001
rxn00178_c0,0,-1.048e-15,Inf
rxn00178_x0,0,0,NaN
rxn00179_c0,1000,1000,0
rxn00179_d0,1000,1000,0
rxn00184_c0,-868,-1000,-15.2073732718894
rxn00187_c0,0,0,NaN
rxn00187_d0,0,0,NaN
rxn00187_m0,0,0,NaN
rxn00189_c0,385.4,0,100
rxn00191_c0,-1000,-1000,-0
rxn00191_d0,1000,1000,0
rxn00191_m0,1000,703.7,29.63
rxn00191_x0,-1000,-1000,-0
rxn00192_d0,-1.623e-16,-3.618e-15,-2129.20517560074
rxn00208_c0,0,-3.911e-16,Inf
rxn00208_d0,0,0,NaN
rxn00209_c0,0,1000,-Inf
rxn00209_d0,0,0,NaN
rxn00211_c0,64.56,-4.771e-14,100
rxn00213_c0,-282.6,-69.44,75.4281670205237
rxn00237_c0,4.45,-7.038e-16,100
rxn00237_d0,8.138,7.038e-16,100
rxn00237_m0,-0,-0,NaN
rxn00237_n0,-0,-0,NaN
rxn00237_x0,-0,-0,NaN
rxn00239_c0,4.45,-7.038e-16,100
rxn00247_c0,0,0,NaN
rxn00247_n0,0,0,NaN
rxn00248_c0,-3.118,74.07,2475.56125721616
rxn00248_d0,1000,1000,0
rxn00248_m0,-685.2,-333.3,51.3572679509632
rxn00248_x0,0,3.271e-13,-Inf
rxn00257_c0,-330.7,-666.7,-101.602661022074
rxn00260_c0,-1000,-1000,-0
rxn00260_d0,-1000,-1000,-0
rxn00260_m0,942.8,1000,-6.06703436571914
rxn00260_x0,1000,1000,0
rxn00272_d0,-1000,-1000,-0
rxn00272_m0,-1000,-703.7,29.63
rxn00272_x0,1000,1000,0
rxn00275_d0,-102.8,0,100
rxn00275_m0,-942.7,-1000,-6.07828577490187
rxn00275_x0,744,703.7,5.41666666666666
rxn00285_m0,0,0,NaN
rxn00299_c0,0.05057,1.192e-14,99.9999999999764
rxn00300_d0,0.01686,0,100
rxn00313_d0,8.091,-1.882e-14,100
rxn00330_c0,0,-74.07,Inf
rxn00333_d0,0,0,NaN
rxn00333_x0,0.05057,0,100
rxn00337_d0,8.091,-7.535e-16,100
rxn00338_c0,0.05731,6.322e-14,99.9999999998897
rxn00338_d0,0,0,NaN
rxn00343_m0,0,1.192e-14,-Inf
rxn00361_c0,0,0,NaN
rxn00361_d0,0,0,NaN
rxn00363_c0,0,0,NaN
rxn00364_c0,0.6178,162,-26122.0783425057
rxn00366_c0,0,162,-Inf
rxn00366_g0,0,0,NaN
rxn00371_c0,0,0,NaN
rxn00371_m0,0,0,NaN
rxn00383_c0,0,0,NaN
rxn00383_x0,0,0,NaN
rxn00391_c0,-0.01686,3.384e-17,100
rxn00391_d0,0,0,NaN
rxn00392_c0,0,0,NaN
rxn00392_d0,0,0,NaN
rxn00394_d0,0,3.869e-13,-Inf
rxn00394_m0,0,0,NaN
rxn00408_c0,0,0,NaN
rxn00408_g0,0,0,NaN
rxn00409_c0,0.6178,-5.431e-14,100.000000000009
rxn00409_d0,-0,-0,NaN
rxn00409_m0,-0,-0,NaN
rxn00409_n0,0,0,NaN
rxn00409_x0,0,0,NaN
rxn00412_c0,4.382,-1.114e-14,100
rxn00414_d0,18.55,0,100
rxn00416_c0,4.72,0,100
rxn00420_d0,-88.54,407.4,560.131014230856
rxn00424_x0,0,3.271e-13,-Inf
rxn00425_c0,0,703.7,-Inf
rxn00437_c0,0,0,NaN
rxn00439_c0,0,0,NaN
rxn00440_c0,0.008428,-1.692e-17,100
rxn00451_c0,0,0,NaN
rxn00452_c0,0,0,NaN
rxn00454_c0,986.4,1000,-1.37875101378751
rxn00456_c0,0,0,NaN
rxn00459_c0,765.4,-185.2,124.196498562843
rxn00459_d0,130.6,148.1,-13.3996937212864
rxn00459_n0,0,0,NaN
rxn00469_c0,-0,-0,NaN
rxn00493_c0,0,0,NaN
rxn00493_d0,0,0,NaN
rxn00493_m0,0,0,NaN
rxn00493_x0,0,0,NaN
rxn00495_c0,52.77,1.087e-14,100
rxn00499_c0,-3.287,6.598e-15,100
rxn00506_c0,0,0,NaN
rxn00506_d0,0,0,NaN
rxn00506_m0,0,0,NaN
rxn00527_c0,0,0,NaN
rxn00527_d0,0.01306,-2.622e-17,100
rxn00527_m0,0,0,NaN
rxn00527_x0,0,0,NaN
rxn00533_c0,0.02528,-5.075e-17,100
rxn00533_d0,211.6,-1.994e-14,100
rxn00541_c0,-19.27,5.559e-14,100
rxn00543_c0,-0,-0,NaN
rxn00571_c0,0,0,NaN
rxn00578_c0,-328.1,-69.44,78.8357208168241
rxn00611_c0,-10.96,2.199e-14,100
rxn00611_d0,-0,-0,NaN
rxn00654_c0,0.09574,-5.431e-14,100.000000000057
rxn00686_c0,-2.528,4.886e-15,100
rxn00686_m0,-0.05057,-1.192e-14,99.9999999999764
rxn00689_c0,0,0,NaN
rxn00689_d0,0,0,NaN
rxn00689_m0,0,0,NaN
rxn00690_c0,0.1096,-4.367e-14,100.00000000004
rxn00692_c0,-789.4,-703.7,10.8563465923486
rxn00692_d0,93.39,1.053e-13,99.9999999999999
rxn00692_m0,801.8,1000,-24.7193813918683
rxn00693_c0,6.526,1.037e-13,99.9999999999984
rxn00693_d0,4.184,6.711e-14,99.9999999999984
rxn00693_x0,0,0,NaN
rxn00708_c0,0.09574,-5.431e-14,100.000000000057
rxn00710_c0,9.282,1.259e-25,100
rxn00711_d0,0,0,NaN
rxn00720_d0,-0.09574,5.431e-14,100.000000000057
rxn00737_d0,6.995,-1.506e-14,100
rxn00747_c0,-1000,-1000,-0
rxn00747_d0,-421.7,46.3,110.979369219825
rxn00747_m0,1000,1000,0
rxn00770_c0,12.45,6.322e-14,99.9999999999995
rxn00770_d0,14.62,-5.869e-14,100
rxn00777_c0,-12.46,0,100
rxn00777_d0,-31.5,92.59,393.936507936508
rxn00777_n0,-0,-0,NaN
rxn00779_c0,0,0,NaN
rxn00781_c0,1000,814.8,18.52
rxn00781_d0,807.5,0,100
rxn00781_m0,0,0,NaN
rxn00781_n0,0,0,NaN
rxn00782_d0,-1000,-1000,-0
rxn00789_d0,-3.203,5.774e-15,100
rxn00790_d0,-9.393,4.978e-14,100.000000000001
rxn00791_d0,-2.023,3.131e-15,100
rxn00799_m0,-314.8,-666.7,-111.785260482846
rxn00800_d0,8.138,7.038e-16,100
rxn00802_d0,9.27,-1.258e-25,100
rxn00829_c0,0,-1.048e-15,Inf
rxn00829_x0,0,0,NaN
rxn00830_c0,-0.2073,-6.319e-16,99.9999999999997
rxn00830_d0,0.311,4.238e-16,99.9999999999999
rxn00830_m0,0,0,NaN
rxn00832_d0,-12.59,9.359e-26,100
rxn00834_c0,4.45,-7.038e-16,100
rxn00838_d0,8.138,7.038e-16,100
rxn00839_c0,0,0,NaN
rxn00839_d0,0,0,NaN
rxn00839_m0,0,0,NaN
rxn00839_n0,0,0,NaN
rxn00839_x0,0,0,NaN
rxn00863_d0,3.203,-5.774e-15,100
rxn00899_d0,0,0,NaN
rxn00899_m0,0,0,NaN
rxn00907_c0,-1000,-1000,-0
rxn00907_d0,906.6,703.7,22.3803220825061
rxn00907_m0,115.3,296.3,-156.981786643539
rxn00908_m0,141,296.3,-110.141843971631
rxn00912_c0,0.09574,-5.431e-14,100.000000000057
rxn00912_m0,0,0,NaN
rxn00915_c0,0,0,NaN
rxn00917_c0,4.45,-7.038e-16,100
rxn00929_c0,-973.3,-1000,-2.74324463166547
rxn00929_d0,-1000,-1000,-0
rxn00931_c0,973.3,1000,-2.74324463166547
rxn00931_d0,991.9,1000,-0.81661457808247
rxn00937_m0,0,1.192e-14,-Inf
rxn00938_c0,0.008428,0,100
rxn00940_c0,0,5.556e-14,-Inf
rxn00943_x0,0,0,NaN
rxn00947_d0,0,0,NaN
rxn00947_r0,0,0,NaN
rxn00947_x0,0,0,NaN
rxn00965_c0,0.008428,-1.692e-17,100
rxn00974_c0,329.7,666.7,-102.214134061268
rxn00974_d0,-0,-0,NaN
rxn00974_m0,0,0,NaN
rxn00979_c0,0.05057,1.192e-14,99.9999999999764
rxn00980_c0,-0,-0,NaN
rxn00980_d0,0,-1.192e-14,Inf
rxn00980_n0,0,0,NaN
rxn01000_d0,0,0,NaN
rxn01005_c0,-0,-0,NaN
rxn01007_c0,64.56,-4.771e-14,100
rxn01009_c0,0,0,NaN
rxn01011_d0,0,0,NaN
rxn01011_x0,0,-3.271e-13,Inf
rxn01018_d0,9.282,1.258e-25,100
rxn01019_d0,9.27,-1.258e-25,100
rxn01021_c0,-0,-0,NaN
rxn01069_d0,-4.184,2.624e-14,100.000000000001
rxn01100_c0,-1000,-814.8,18.52
rxn01100_d0,192.5,1000,-419.480519480519
rxn01101_d0,-88.54,407.4,560.131014230856
rxn01102_d0,0,3.271e-13,-Inf
rxn01106_c0,-765.4,185.2,124.196498562843
rxn01106_d0,-130.6,-148.1,-13.3996937212864
rxn01111_d0,0,277.8,-Inf
rxn01115_c0,0,0,NaN
rxn01115_d0,0,0,NaN
rxn01115_m0,0,0,NaN
rxn01116_d0,-31.53,-185.2,-487.377101173486
rxn01169_m0,0,0,NaN
rxn01179_c0,0,0,NaN
rxn01179_n0,0,0,NaN
rxn01179_r0,0,0,NaN
rxn01181_c0,0,0,NaN
rxn01182_c0,0.008428,-1.692e-17,100
rxn01200_d0,-16.88,92.59,648.518957345972
rxn01207_d0,0,0,NaN
rxn01207_m0,0,0,NaN
rxn01208_d0,-14.5,2.526e-14,100
rxn01211_c0,-1000,-1000,-0
rxn01211_d0,1000,1000,0
rxn01211_m0,21.88,-2.247e-13,100.000000000001
rxn01213_c0,0.1037,-2.081e-16,100
rxn01213_m0,0,0,NaN
rxn01217_c0,0,0,NaN
rxn01249_c0,0,-1000,Inf
rxn01249_d0,0,0,NaN
rxn01253_c0,0,3.911e-16,-Inf
rxn01255_d0,65.3,3.959e-18,100
rxn01256_c0,0,0,NaN
rxn01256_d0,63.14,-8.617e-15,100
rxn01257_d0,0.05057,1.192e-14,99.9999999999764
rxn01258_d0,0.08217,-1.649e-16,100
rxn01262_c0,0,0,NaN
rxn01263_c0,0,0,NaN
rxn01265_c0,-0.008428,0,100
rxn01275_c0,0,0,NaN
rxn01301_d0,1000,851.9,14.81
rxn01302_d0,-1000,-851.9,14.81
rxn01332_d0,65.3,3.959e-18,100
rxn01334_c0,0,0,NaN
rxn01334_d0,432.7,907.4,-109.706494106771
rxn01345_c0,-0,-0,NaN
rxn01345_d0,-432.7,-907.4,-109.706494106771
rxn01353_c0,0,0,NaN
rxn01353_d0,0,0,NaN
rxn01353_m0,0,0,NaN
rxn01353_n0,0,0,NaN
rxn01353_x0,0,0,NaN
rxn01362_c0,-9.282,-1.259e-25,100
rxn01396_c0,0,1000,-Inf
rxn01396_d0,0,0,NaN
rxn01399_c0,0,0,NaN
rxn01426_c0,0,0,NaN
rxn01427_c0,0,0,NaN
rxn01429_c0,0,0,NaN
rxn01434_d0,9.27,-1.258e-25,100
rxn01454_c0,0,1.048e-15,-Inf
rxn01465_c0,0,0,NaN
rxn01465_d0,-9.282,-1.26e-25,100
rxn01466_c0,0.1037,-2.081e-16,100
rxn01476_c0,12.46,0,100
rxn01476_d0,0,0,NaN
rxn01486_d0,0.1037,-2.081e-16,100
rxn01486_m0,0,0,NaN
rxn01486_r0,0,0,NaN
rxn01494_c0,0,0,NaN
rxn01501_c0,0,1.048e-15,-Inf
rxn01501_r0,0,0,NaN
rxn01511_c0,0,0,NaN
rxn01511_g0,0,0,NaN
rxn01512_c0,2.528,-4.886e-15,100
rxn01512_d0,-0,-0,NaN
rxn01512_m0,-0,-0,NaN
rxn01512_n0,-0,-0,NaN
rxn01512_x0,-0,-0,NaN
rxn01513_c0,2.528,-4.886e-15,100
rxn01513_m0,-0,-0,NaN
rxn01514_c0,0,0,NaN
rxn01514_g0,0,0,NaN
rxn01519_c0,2.528,-4.886e-15,100
rxn01520_c0,2.528,-4.886e-15,100
rxn01539_c0,-1000,-1000,-0
rxn01539_d0,1000,1000,0
rxn01570_c0,0,0,NaN
rxn01571_c0,0,0,NaN
rxn01607_c0,0,-1.048e-15,Inf
rxn01611_c0,52.77,1.087e-14,100
rxn01611_r0,0,0,NaN
rxn01612_c0,0,0,NaN
rxn01613_c0,0,0,NaN
rxn01626_c0,0.09574,-5.431e-14,100.000000000057
rxn01626_r0,0,0,NaN
rxn01636_d0,9.27,148.1,-1497.62675296656
rxn01637_d0,-9.27,-148.1,-1497.62675296656
rxn01643_c0,-0,-0,NaN
rxn01643_d0,-8.091,7.535e-16,100
rxn01644_d0,8.091,3.756e-14,99.9999999999995
rxn01652_c0,-1000,-1000,-0
rxn01652_d0,906.6,148.1,83.6642400176484
rxn01652_m0,93.39,851.9,-812.196166613128
rxn01653_m0,0,0,NaN
rxn01670_c0,0,0,NaN
rxn01673_c0,0,0,NaN
rxn01673_d0,0,0,NaN
rxn01673_m0,0,0,NaN
rxn01673_n0,0,0,NaN
rxn01673_x0,0,0,NaN
rxn01678_c0,2.528,0,100
rxn01678_d0,0,0,NaN
rxn01678_m0,0,0,NaN
rxn01678_n0,0,0,NaN
rxn01678_x0,0,0,NaN
rxn01712_c0,0,0,NaN
rxn01718_c0,0,0,NaN
rxn01739_d0,65.3,3.959e-18,100
rxn01740_d0,-65.3,-3.959e-18,100
rxn01743_c0,0,0,NaN
rxn01765_r0,0,0,NaN
rxn01790_c0,-0.09574,5.431e-14,100.000000000057
rxn01791_c0,0.09574,-5.431e-14,100.000000000057
rxn01807_c0,0,-3.911e-16,Inf
rxn01807_d0,0,0,NaN
rxn01827_c0,0,0,NaN
rxn01827_d0,0.01306,-2.622e-17,100
rxn01887_c0,-0,-0,NaN
rxn01887_w0,-0,-0,NaN
rxn01888_c0,0,0,NaN
rxn01909_c0,-0,-0,NaN
rxn01917_d0,9.27,148.1,-1497.62675296656
rxn01974_d0,8.091,-1.882e-14,100
rxn01975_c0,12.46,0,100
rxn01975_d0,0,0,NaN
rxn02155_c0,0.06574,6.322e-14,99.9999999999038
rxn02159_d0,3.203,-5.774e-15,100
rxn02175_c0,0.01146,-5.414e-14,100.000000000472
rxn02201_c0,0,0,NaN
rxn02201_m0,0.05057,1.192e-14,99.9999999999764
rxn02212_d0,65.3,3.959e-18,100
rxn02213_d0,65.3,3.959e-18,100
rxn02251_d0,0,-1.192e-14,Inf
rxn02251_x0,0,0,NaN
rxn02277_m0,0.008428,-1.692e-17,100
rxn02297_c0,0.008428,-1.692e-17,100
rxn02302_c0,0,0,NaN
rxn02305_d0,0.008428,-5.556e-14,100.000000000659
rxn02312_m0,0.008428,-1.692e-17,100
rxn02320_d0,-3.203,5.774e-15,100
rxn02322_c0,0,-1.048e-15,Inf
rxn02322_x0,0,0,NaN
rxn02341_c0,0.09574,-5.431e-14,100.000000000057
rxn02373_c0,-1000,-1000,-0
rxn02373_d0,-1000,-1000,-0
rxn02374_c0,0,0,NaN
rxn02374_d0,8.091,1.994e-13,99.9999999999975
rxn02374_m0,0,148.1,-Inf
rxn02374_v0,0,0,NaN
rxn02374_x0,0,0,NaN
rxn02380_c0,0,0,NaN
rxn02380_d0,0,0,NaN
rxn02402_c0,-0.05731,-6.322e-14,99.9999999998897
rxn02402_d0,0,0,NaN
rxn02414_c0,6.405,1.039e-13,99.9999999999984
rxn02465_d0,-9.27,-148.1,-1497.62675296656
rxn02473_d0,3.203,-5.774e-15,100
rxn02474_d0,-0.01686,0,100
rxn02475_d0,0.01686,0,100
rxn02476_d0,65.3,3.959e-18,100
rxn02484_d0,0,0,NaN
rxn02503_c0,0,0,NaN
rxn02503_m0,0.05057,1.192e-14,99.9999999999764
rxn02504_c0,0.05057,1.192e-14,99.9999999999764
rxn02507_d0,2.023,-3.131e-15,100
rxn02516_m0,-0,-0,NaN
rxn02554_c0,0,0,NaN
rxn02554_r0,0,0,NaN
rxn02575_c0,0,0,NaN
rxn02758_c0,0,0,NaN
rxn02758_w0,0,0,NaN
rxn02789_d0,14.5,-2.526e-14,100
rxn02811_d0,-14.5,2.526e-14,100
rxn02814_c0,0,0,NaN
rxn02814_w0,0,0,NaN
rxn02832_d0,-0.08217,1.649e-16,100
rxn02834_d0,3.203,-5.774e-15,100
rxn02835_d0,3.203,-5.774e-15,100
rxn02894_c0,0,0,NaN
rxn02895_d0,9.393,-4.978e-14,100.000000000001
rxn02914_d0,88.54,-407.4,560.131014230856
rxn02928_d0,-286,-1000,-249.65034965035
rxn02929_d0,277.9,1000,-259.841669665347
rxn02937_d0,9.393,-4.978e-14,100.000000000001
rxn02938_d0,-9.385,-5.774e-15,99.9999999999999
rxn02988_c0,-0.05731,-6.322e-14,99.9999999998897
rxn02988_d0,0,0,NaN
rxn03004_d0,9.393,-4.978e-14,100.000000000001
rxn03016_c0,0,0,NaN
rxn03016_r0,0,0,NaN
rxn03057_c0,-0,-0,NaN
rxn03062_d0,14.5,-2.526e-14,100
rxn03075_c0,0,0,NaN
rxn03080_d0,0.03371,-3.384e-17,100
rxn03084_d0,9.393,-4.978e-14,100.000000000001
rxn03084_m0,0,0,NaN
rxn03108_d0,0.008428,-5.556e-14,100.000000000659
rxn03135_d0,-3.203,5.774e-15,100
rxn03136_d0,9.385,5.774e-15,99.9999999999999
rxn03137_d0,12.59,0,100
rxn03147_d0,9.385,5.774e-15,99.9999999999999
rxn03168_c0,-0.05057,-1.192e-14,99.9999999999764
rxn03173_c0,0.05057,1.192e-14,99.9999999999764
rxn03175_d0,3.203,-5.774e-15,100
rxn03891_d0,0.02149,-4.314e-17,100
rxn03891_m0,0,0,NaN
rxn03891_r0,0,0,NaN
rxn03892_d0,0.02149,-4.314e-17,100
rxn03892_m0,0,0,NaN
rxn03892_r0,0,0,NaN
rxn03907_d0,0.5221,0,100
rxn03908_d0,0.5221,0,100
rxn03909_d0,0.5221,0,100
rxn03910_d0,0.5221,0,100
rxn03958_d0,-0.5221,0,100
rxn03970_c0,-1000,-1000,-0
rxn03971_c0,1000,1000,0
rxn03983_c0,0,0,NaN
rxn03983_d0,-6.74,4.675e-14,100.000000000001
rxn04113_d0,0,0,NaN
rxn04426_c0,0,0,NaN
rxn04426_r0,0,0,NaN
rxn04430_c0,0,0,NaN
rxn04954_c0,-10.72,-1.708e-13,99.9999999999984
rxn04996_d0,0,0,NaN
rxn05023_d0,0.08217,-1.649e-16,100
rxn05023_x0,0,0,NaN
rxn05024_d0,0.08217,-1.649e-16,100
rxn05024_x0,0,0,NaN
rxn05034_m0,0.008428,-1.692e-17,100
rxn05039_d0,0.01686,0,100
rxn05040_d0,0.03371,-3.384e-17,100
rxn05092_c0,0,0,NaN
rxn05104_c0,0,0,NaN
rxn05104_d0,0,0,NaN
rxn05105_d0,0,0,NaN
rxn05106_d0,-0,-0,NaN
rxn05136_c0,0,0,NaN
rxn05143_c0,0,0,NaN
rxn05206_c0,25.87,-5.194e-14,100
rxn05218_d0,-1000,-1000,-0
rxn05218_m0,-1000,-1000,-0
rxn05218_x0,256,296.3,-15.7421875
rxn05220_d0,-0,-0,NaN
rxn05220_m0,0,-1.192e-14,Inf
rxn05220_x0,-0,-0,NaN
rxn05222_d0,2.023,-3.131e-15,100
rxn05222_m0,-0,-0,NaN
rxn05222_x0,-0,-0,NaN
rxn05224_d0,0.01686,-3.384e-17,100
rxn05224_m0,-0,-0,NaN
rxn05238_c0,6.74,-4.675e-14,100.000000000001
rxn05238_d0,-6.74,4.675e-14,100.000000000001
rxn05238_v0,-0,-0,NaN
rxn05245_d0,10.8,-7.384e-14,100.000000000001
rxn05245_m0,-0,-0,NaN
rxn05245_x0,-0,-0,NaN
rxn05287_d0,0.02149,-4.314e-17,100
rxn05287_m0,0,0,NaN
rxn05287_r0,0,0,NaN
rxn05319_c0,-1000,-763.9,23.61
rxn05319_d0,-1000,-824.1,17.59
rxn05319_m0,252.7,-1000,495.726157499011
rxn05319_v0,-0,-0,NaN
rxn05319_x0,0.05057,0,100
rxn05324_d0,-29.92,2.499e-15,100
rxn05325_d0,-29.92,2.499e-15,100
rxn05326_d0,-29.92,2.499e-15,100
rxn05330_d0,29.92,-2.499e-15,100
rxn05331_d0,29.92,-2.499e-15,100
rxn05335_d0,29.92,-2.499e-15,100
rxn05337_d0,-29.92,2.499e-15,100
rxn05338_d0,-29.92,2.499e-15,100
rxn05340_d0,-29.92,2.499e-15,100
rxn05342_d0,-29.92,2.499e-15,100
rxn05343_d0,29.92,-2.499e-15,100
rxn05345_d0,29.92,-2.499e-15,100
rxn05346_d0,29.92,-2.499e-15,100
rxn05348_d0,29.92,-2.499e-15,100
rxn05350_d0,29.92,-2.499e-15,100
rxn05465_d0,209.4,-1.749e-14,100
rxn05467_c0,-1000,-833.3,16.67
rxn05467_d0,403.9,-407.4,200.866551126516
rxn05467_m0,762.2,296.3,61.1256887955917
rxn05468_c0,195,833.3,-327.333333333333
rxn05468_d0,123.7,1.253e-14,100
rxn05468_m0,-259.5,-333.3,-28.4393063583815
rxn05468_x0,-0.02528,0,100
rxn05667_c0,121.9,-3.869e-13,100
rxn05667_d0,0,3.869e-13,-Inf
rxn05667_m0,0,0,NaN
rxn05736_d0,0,0,NaN
rxn05736_r0,0,0,NaN
rxn05736_x0,0,0,NaN
rxn06556_d0,0,0,NaN
rxn07441_d0,-8.091,1.882e-14,100
rxn07579_d0,2.191,-2.448e-15,100
rxn08094_m0,0,0,NaN
rxn08104_d0,-0.008428,5.556e-14,100.000000000659
rxn08155_d0,-9.27,1.409e-14,100
rxn08155_m0,0,0,NaN
rxn08155_x0,0,0,NaN
rxn08170_d0,-955.8,-1000,-4.62439840970915
rxn08170_m0,942.8,1000,-6.06703436571914
rxn08170_x0,1000,1000,0
rxn08173_j0,1000,1000,0
rxn08233_c0,8.849,-1.776e-14,100
rxn08236_d0,-0.5221,0,100
rxn08236_m0,0,0,NaN
rxn08236_v0,0,0,NaN
rxn08284_d0,-2.548,5.831e-14,100.000000000002
rxn08284_m0,0.008428,-1.692e-17,100
rxn08335_m0,9.282,0,100
rxn08352_d0,0,0,NaN
rxn08392_d0,29.92,-2.499e-15,100
rxn08436_d0,27.73,-5.147e-17,100
rxn08440_x0,0,0,NaN
rxn08444_x0,0,0,NaN
rxn08525_d0,-0.05899,5.559e-14,100.000000000094
rxn08525_m0,0,0,NaN
rxn08525_v0,0,0,NaN
rxn08525_x0,0,0,NaN
rxn08556_m0,0,0,NaN
rxn08633_d0,1000,703.7,29.63
rxn08633_m0,-1000,-1000,-0
rxn08633_x0,-744,-703.7,5.41666666666666
rxn08680_d0,0.01686,2.65e-28,100
rxn08680_m0,0,0,NaN
rxn08680_v0,0,0,NaN
rxn08689_d0,0,0,NaN
rxn08689_m0,0,0,NaN
rxn08703_c0,0,0,NaN
rxn08704_d0,-27.73,5.147e-17,100
rxn08721_d0,-3.203,5.774e-15,100
rxn08721_m0,0,0,NaN
rxn08721_x0,0,0,NaN
rxn08730_c0,-506.7,5.165e-13,100
rxn08730_d0,-1000,-1000,-0
rxn08730_m0,1000,1000,0
rxn08730_v0,0,0,NaN
rxn08747_d0,-6.995,1.506e-14,100
rxn08747_m0,0,0,NaN
rxn08747_x0,0,0,NaN
rxn08749_d0,-4.45,7.038e-16,100
rxn08756_d0,0.5221,0,100
rxn08766_d0,29.92,-2.499e-15,100
rxn08786_d0,-14.5,2.526e-14,100
rxn08786_m0,0,0,NaN
rxn08786_x0,0,0,NaN
rxn08856_d0,-8.091,1.882e-14,100
rxn08856_m0,0,0,NaN
rxn08856_x0,0,0,NaN
rxn08920_d0,-4.192,-1.156e-14,99.9999999999997
rxn08920_m0,-0.01686,3.384e-17,100
rxn08920_x0,0,0,NaN
rxn08999_c0,-306,-0,100
rxn08999_d0,306,0,100
rxn08999_m0,0,0,NaN
rxn09005_c0,-0,-0,NaN
rxn09005_d0,0,0,NaN
rxn09005_m0,0,0,NaN
rxn09034_d0,-0.927,1.861e-15,100
rxn09048_d0,1.079e-26,-148.1,1.3725671918443e+30
rxn09048_m0,-1.079e-26,148.1,1.3725671918443e+30
rxn09048_x0,0,0,NaN
rxn09050_m0,-9.282,0,100
rxn09118_d0,-59,4.634e-16,100
rxn09118_m0,0,0,NaN
rxn09118_x0,0,0,NaN
rxn09121_c0,-29.63,4.075e-12,100.000000000014
rxn09121_d0,-1000,1000,200
rxn09121_m0,999.9,1000,-0.0100010001000123
rxn09177_c0,0.09574,-5.431e-14,100.000000000057
rxn09193_d0,-8.091,-1.994e-13,99.9999999999975
rxn09193_m0,0,0,NaN
rxn09193_x0,0,0,NaN
rxn09248_d0,3.918,-407.4,10498.1623277182
rxn09248_m0,-801.8,-1000,-24.7193813918683
rxn09248_x0,0,3.271e-13,-Inf
rxn09272_m0,288,666.7,-131.493055555556
rxn09275_c0,-347.2,-69.44,80
rxn09275_d0,0,0,NaN
rxn09275_v0,0,0,NaN
rxn09300_d0,1000,1000,0
rxn09307_d0,11.18,-4.13e-14,100
rxn09307_m0,0,0,NaN
rxn09307_x0,0,0,NaN
rxn09339_d0,-4.13,8.127e-15,100
rxn09339_m0,0,0,NaN
rxn09339_x0,0,0,NaN
rxn09366_d0,0.09574,-5.431e-14,100.000000000057
rxn09444_d0,0,0,NaN
rxn09444_r0,0,0,NaN
rxn09444_x0,0,0,NaN
rxn09449_d0,0,0,NaN
rxn09449_r0,0,0,NaN
rxn09449_x0,0,0,NaN
rxn09453_d0,0,0,NaN
rxn09453_r0,0,0,NaN
rxn09453_x0,0,0,NaN
rxn09686_d0,-0,-0,NaN
rxn09686_m0,-0,-0,NaN
rxn09686_v0,-0,-0,NaN
rxn09711_d0,-119.6,-1.227e-13,99.9999999999999
rxn09711_m0,-660.9,-703.7,-6.47601755182328
rxn09711_v0,0,0,NaN
rxn09717_m0,791.5,-814.8,202.943777637397
rxn09736_c0,272,5.684e-13,99.9999999999998
rxn09736_d0,-317.2,-5.205e-14,100
rxn09736_m0,-141,-296.3,-110.141843971631
rxn09777_d0,-0,-0,NaN
rxn09777_m0,-0,-0,NaN
rxn09777_x0,0,0,NaN
rxn09784_d0,0.1037,-5.575e-14,100.000000000054
rxn09784_m0,0.05057,-1.015e-16,100
rxn09785_d0,-0.09523,1.912e-16,100
rxn09785_m0,-0.02528,5.075e-17,100
rxn09792_m0,0.008428,-1.692e-17,100
rxn09794_d0,-0.05057,-1.192e-14,99.9999999999764
rxn09794_m0,0.05057,1.192e-14,99.9999999999764
rxn09817_d0,-9.282,-1.261e-25,100
rxn09817_m0,9.282,0,100
rxn09839_d0,-897.2,-1000,-11.4578689255461
rxn09839_m0,-57.24,296.3,617.64500349406
rxn09839_x0,256,296.3,-15.7421875
rxn10480_c0,0.008428,-5.556e-14,100.000000000659
rxn10480_d0,-0.008428,5.556e-14,100.000000000659
rxn10480_m0,0,0,NaN
rxn10480_v0,0,0,NaN
rxn10480_x0,0,0,NaN
rxn10826_d0,-311,870.4,379.871382636656
rxn10826_m0,-0,-0,NaN
rxn10826_v0,-0,-0,NaN
rxn10826_x0,-0,-0,NaN
rxn10832_d0,256,-740.7,389.3359375
rxn10832_m0,-586.8,0,100
rxn10867_d0,0.008428,-5.556e-14,100.000000000659
rxn10867_m0,-0,-0,NaN
rxn10923_d0,577.7,555.6,3.82551497316947
rxn10923_m0,-965.6,-851.9,11.7750621375311
rxn10923_x0,-744,-703.7,5.41666666666666
rxn10929_d0,940.1,259.3,72.4178278906499
rxn10929_m0,204.7,-814.8,498.045920859795
rxn10929_x0,0,0,NaN
rxn10952_d0,-0,-0,NaN
rxn10952_m0,-288,-666.7,-131.493055555556
rxn10952_x0,-0,-0,NaN
rxn10967_d0,-1000,-1000,-0
rxn10967_m0,1000,1000,0
rxn10967_x0,0,-3.271e-13,Inf
rxn11013_d0,26.79,6.478e-15,100
rxn11013_m0,-26.79,-6.478e-15,100
rxn11013_x0,-0,-0,NaN
rxn11040_c0,12.46,0,100
rxn11040_d0,0,0,NaN
rxn11040_m0,0,0,NaN
rxn11700_d0,0.927,-1.861e-15,100
rxn11702_d0,0.08217,-1.649e-16,100
rxn11703_d0,0.08217,-1.649e-16,100
rxn12282_d0,0,0,NaN
rxn12282_r0,0,0,NaN
rxn12282_x0,0,0,NaN
rxn12329_x0,0,0,NaN
rxn12426_d0,0,1.192e-14,-Inf
rxn12426_m0,0,0,NaN
rxn12426_x0,0.05057,0,100
rxn12510_c0,0.09574,-5.431e-14,100.000000000057
rxn13149_c0,0.008428,-1.692e-17,100
rxn13213_d0,256,-740.7,389.3359375
rxn13213_m0,-586.8,0,100
rxn13290_d0,0.1037,-2.081e-16,100
rxn13360_d0,-161.8,703.7,534.919653893696
rxn13360_m0,115.2,296.3,-157.204861111111
rxn13361_d0,-1000,-1000,-0
rxn13361_m0,144.7,-111.1,176.779543883898
rxn13365_d0,-1.245e-13,1.32e-13,206.024096385542
rxn13365_m0,-257.6,-666.7,-158.812111801242
rxn13365_x0,-1000,-1000,-0
rxn13689_j0,518.9,666.7,-28.4833301214107
rxn13726_j0,221.6,0,100
rxn13822_d0,-0.008428,5.556e-14,100.000000000659
rxn13822_m0,-0.01686,3.384e-17,100
rxn14012_d0,0,0,NaN
rxn14012_m0,0,0,NaN
rxn14012_r0,0,0,NaN
rxn14085_d0,0.01306,-2.622e-17,100
rxn14094_d0,0.08217,-1.649e-16,100
rxn14142_d0,0.08217,-1.649e-16,100
rxn14261_d0,0.08217,-1.649e-16,100
rxn15021_d0,-25.29,9.91e-14,100
rxn15022_c0,0,0,NaN
rxn15022_d0,0,0,NaN
rxn15022_m0,0,0,NaN
rxn15022_x0,0,0,NaN
rxn15045_c0,288,666.7,-131.493055555556
rxn15045_x0,-0,-0,NaN
rxn15056_m0,34.43,0,100
rxn15062_c0,-328.1,-69.44,78.8357208168241
rxn15069_c0,0,0,NaN
rxn15069_d0,0,0,NaN
rxn15069_m0,0,0,NaN
rxn15069_n0,0,0,NaN
rxn15116_c0,1000,46.3,95.37
rxn15116_d0,-1000,-1000,-0
rxn15118_c0,0.09574,-5.431e-14,100.000000000057
rxn15121_m0,0,0,NaN
rxn15151_c0,0,0,NaN
rxn15151_n0,0,0,NaN
rxn15166_d0,4.184,6.711e-14,99.9999999999984
rxn15209_c0,0,0,NaN
rxn15229_c0,-0,-0,NaN
rxn15249_m0,0,0,NaN
rxn15250_c0,134,-8.966e-15,100
rxn15250_d0,0,0,NaN
rxn15271_d0,48.42,92.59,-91.2226352746799
rxn15280_c0,-288,-666.7,-131.493055555556
rxn15280_d0,0,0,NaN
rxn15280_m0,-34.43,0,100
rxn15298_c0,0,-245.4,Inf
rxn15298_d0,-1.71e-13,0,100
rxn15348_c0,0,0,NaN
rxn15364_c0,136.2,69.44,49.0161527165932
rxn15364_d0,0,0,NaN
rxn15435_c0,0,0,NaN
rxn15435_d0,0,0,NaN
rxn15435_m0,0,0,NaN
rxn15493_c0,0,0,NaN
rxn15493_d0,0,0,NaN
rxn15494_c0,-1000,-291.7,70.83
rxn15494_d0,1000,1000,0
rxn15780_c0,0.008428,-1.692e-17,100
rxn16289_c0,0,0,NaN
rxn16289_r0,0,0,NaN
rxn16291_c0,0,0,NaN
rxn16291_r0,0,0,NaN
rxn16300_c0,0,0,NaN
rxn16300_r0,0,0,NaN
rxn17196_c0,0,0,NaN
rxn17196_d0,0,0,NaN
rxn17428_m0,0.008428,-1.692e-17,100
rxn17469_d0,0,0,NaN
rxn17731_c0,0,0,NaN
rxn17731_m0,0.008428,-1.692e-17,100
rxn17744_d0,0,0,NaN
rxn17744_m0,0,0,NaN
rxn17803_d0,1.264,-5.866e-16,100
rxn18935_d0,29.92,-2.499e-15,100
rxn18936_d0,29.92,-2.499e-15,100
rxn18937_d0,29.92,-2.499e-15,100
rxn19027_d0,-25.29,9.91e-14,100
rxn19029_d0,-6.995,1.506e-14,100
rxn19030_d0,6.995,-1.506e-14,100
rxn19071_c0,0,0,NaN
rxn19071_d0,0.05057,1.192e-14,99.9999999999764
rxn19077_c0,0,0,NaN
rxn19240_c0,0,0,NaN
rxn19240_d0,-6.995,1.506e-14,100
rxn19240_m0,0,0,NaN
rxn19241_c0,0,0,NaN
rxn19241_d0,-14.5,2.526e-14,100
rxn19241_m0,0,0,NaN
rxn19242_c0,0.09574,-5.431e-14,100.000000000057
rxn19242_d0,-10.8,7.384e-14,100.000000000001
rxn19242_m0,0,0,NaN
rxn19246_d0,0,0,NaN
rxn19246_r0,0,0,NaN
rxn19246_x0,0,0,NaN
rxn19253_d0,59,-4.634e-16,100
rxn19277_c0,0,0,NaN
rxn19316_m0,0,0,NaN
rxn19316_x0,0,0,NaN
rxn19343_c0,-0,-0,NaN
rxn19343_d0,4.184,6.711e-14,99.9999999999984
rxn19345_c0,0,0,NaN
rxn19345_d0,6.74,-4.675e-14,100.000000000001
rxn19345_m0,0,0,NaN
rxn19488_m0,0.05057,1.192e-14,99.9999999999764
rxn19544_c0,0,0,NaN
rxn19544_d0,25.29,-9.91e-14,100
rxn19545_d0,6.995,-1.506e-14,100
rxn19686_d0,29.92,-2.499e-15,100
rxn19701_d0,-306,0,100
rxn19771_c0,0,0,NaN
rxn19828_d0,689.3,-1.406e-13,100
rxn19828_m0,-0,-0,NaN
rxn19900_c0,-0,-0,NaN
rxn19900_d0,-0,-0,NaN
rxn19900_x0,-0,-0,NaN
rxn19905_d0,0,9.335e-14,-Inf
rxn20176_m0,0,0,NaN
rxn20496_m0,-1.076e-26,148.1,1.37639405204461e+30
rxn20508_c0,-82.68,74.07,189.586357039187
rxn20583_c0,282.6,69.44,75.4281670205237
rxn20583_d0,-0,-0,NaN
rxn20595_c0,0,0,NaN
rxn20595_d0,250,0,100
rxn20617_c0,-1000,-1000,-0
rxn20617_d0,-991.9,-1000,-0.81661457808247
rxn20632_d0,125,0,100
rxn20643_d0,0.008428,-5.556e-14,100.000000000659
rxn20649_m0,-1.08e-26,148.1,1.3712962962963e+30
rxn21324_c0,6.405,1.039e-13,99.9999999999984
rxn21324_r0,0,0,NaN
rxn21635_c0,0.008428,0,100
rxn21635_n0,0,0,NaN
rxn22111_m0,0.008428,-1.692e-17,100
rxn22116_m0,0.008428,-1.692e-17,100
rxn23155_d0,0,0,NaN
rxn23415_d0,0,0,NaN
rxn23772_c0,-0,-0,NaN
rxn23773_c0,-0,-0,NaN
rxn23801_c0,0,0,NaN
rxn23801_r0,0,0,NaN
rxn23803_c0,0,0,NaN
rxn23805_d0,0.01306,-2.622e-17,100
rxn24109_d0,4.143,-8.153e-15,100
rxn24131_c0,0,0,NaN
rxn24286_c0,-0,-0,NaN
rxn24310_d0,0.08217,-1.649e-16,100
rxn24312_d0,0.08217,-1.649e-16,100
rxn24330_d0,0.08217,-1.649e-16,100
rxn24330_x0,0,0,NaN
rxn24348_c0,0,0,NaN
rxn24358_d0,0,0,NaN
rxn24360_d0,0,0,NaN
rxn24362_d0,-0,-0,NaN
rxn24404_c0,1000,1000,0
rxn24508_d0,1.264,-5.866e-16,100
rxn24928_c0,0,0,NaN
rxn25371_c0,0,0,NaN
rxn25441_c0,0,0,NaN
rxn25468_m0,0.008428,-1.692e-17,100
rxn25469_m0,0.008428,-1.692e-17,100
rxn25475_m0,0.008428,-1.692e-17,100
rxn25480_m0,0.008428,-1.692e-17,100
rxn25630_c0,-0,-0,NaN
rxn25637_d0,29.92,-2.499e-15,100
rxn25641_d0,-29.92,2.499e-15,100
rxn25647_d0,29.92,-2.499e-15,100
rxn25649_d0,-29.92,2.499e-15,100
rxn25661_d0,0,0,NaN
rxn25662_d0,0,0,NaN
rxn25716_d0,2.191,-2.448e-15,100
rxn25718_d0,-2.191,2.448e-15,100
rxn25719_d0,2.191,-2.448e-15,100
rxn25743_d0,29.92,-2.499e-15,100
rxn25747_d0,-29.92,2.499e-15,100
rxn25750_d0,-29.92,2.499e-15,100
rxn25762_d0,0,0,NaN
rxn25762_r0,0,0,NaN
rxn25762_x0,0,0,NaN
rxn25847_c0,0,0,NaN
rxn25848_c0,0,0,NaN
rxn26013_d0,2.023,-3.131e-15,100
rxn26037_d0,-0,-0,NaN
rxn26477_d0,-0.5221,0,100
rxn26754_d0,500,1.16e-25,100
rxn27029_d0,0.008428,-5.556e-14,100.000000000659
rxn27030_d0,0.008428,-5.556e-14,100.000000000659
rxn27259_c0,0,0,NaN
rxn27259_d0,6.74,-4.675e-14,100.000000000001
rxn27259_n0,0,0,NaN
rxn27266_c0,0,0,NaN
rxn27266_d0,-6.74,4.675e-14,100.000000000001
rxn27318_c0,-9.439,1.499e-14,100
rxn27318_d0,0,0,NaN
rxn27318_m0,0,0,NaN
rxn27360_d0,1000,851.9,14.81
rxn27360_m0,0,0,NaN
rxn27360_x0,0,0,NaN
rxn27415_c0,-2.528,0,100
rxn27497_d0,14.5,-2.526e-14,100
rxn27709_d0,2.023,-3.131e-15,100
rxn27927_d0,3.203,-5.774e-15,100
rxn28082_d0,2.023,-3.131e-15,100
rxn28083_d0,63.14,-8.617e-15,100
rxn28487_d0,0,0,NaN
rxn28606_d0,1.264,-5.866e-16,100
rxn28615_d0,2.023,-3.131e-15,100
rxn29086_d0,-404.9,2.198e-14,100
rxn29086_m0,0,0,NaN
rxn29086_x0,0,0,NaN
rxn29122_m0,0.008428,-1.692e-17,100
rxn29240_d0,1000,-1000,200
rxn29240_m0,1000,1000,0
rxn29240_v0,0,0,NaN
rxn29246_d0,0,0,NaN
rxn29318_d0,-329.7,287,187.048832271762
rxn29318_m0,-0.08006,-1.787e-14,99.9999999999777
rxn29318_v0,-0,-0,NaN
rxn29325_d0,-0.5221,0,100
rxn29325_m0,-0,-0,NaN
rxn29325_v0,-0,-0,NaN
rxn29342_d0,-0,-0,NaN
rxn29342_m0,-0,-0,NaN
rxn29342_v0,-0,-0,NaN
rxn29733_d0,-330.7,824.1,349.198669488963
rxn29733_m0,0.05899,1.19e-14,99.9999999999798
rxn29733_v0,-0,-0,NaN
rxn29733_x0,-0,-0,NaN
rxn29785_d0,1000,1000,0
rxn29785_m0,-144.7,111.1,176.779543883898
rxn29919_d0,-415.8,-1000,-140.50024050024
rxn30639_d0,0,0,NaN
rxn30639_m0,-34.43,0,100
rxn30639_x0,-0,-0,NaN
rxn31154_d0,1000,1.16e-25,100
rxn31160_m0,-0.08006,-1.787e-14,99.9999999999777
rxn31167_d0,-0.008428,-768.5,-9118314.80778358
rxn31167_m0,1000,1000,0
rxn31167_x0,0,0,NaN
rxn31168_d0,989,46.3,95.3185035389282
rxn31168_m0,-1000,-1000,-0
rxn31168_x0,0,0,NaN
rxn31169_d0,234.6,1000,-326.257459505541
rxn31169_m0,0,0,NaN
rxn31169_x0,0,0,NaN
rxn31240_c0,12.46,0,100
rxn31358_d0,-334.7,287,185.748431431132
rxn31768_d0,0.02149,-4.314e-17,100
rxn31768_m0,0,0,NaN
rxn31768_r0,0,0,NaN
rxn31828_d0,-978,-1000,-2.24948875255624
rxn31828_m0,-21.88,2.247e-13,100.000000000001
rxn31828_v0,0,0,NaN
rxn31927_d0,-1000,-1000,-0
rxn32037_d0,0,0,NaN
rxn32037_m0,0,0,NaN
rxn32037_x0,0,0,NaN
rxn32435_d0,0,3.271e-13,-Inf
rxn32435_m0,0,0,NaN
rxn32435_x0,0,-3.271e-13,Inf
rxn32592_d0,-0,-0,NaN
rxn32592_m0,0,0,NaN
rxn32592_x0,0,0,NaN
rxn32628_d0,-906.6,-148.1,83.6642400176484
rxn32628_m0,-93.39,-851.9,-812.196166613128
rxn32628_v0,0,0,NaN
rxn33186_d0,161.8,-703.7,534.919653893696
rxn33186_m0,-115.2,-296.3,-157.204861111111
rxn34362_d0,0.311,4.238e-16,99.9999999999999
rxn34364_d0,535.8,-92.59,117.280701754386
rxn35347_j0,259.5,333.3,-28.4393063583815
rxn37018_c0,0,7.662e-15,-Inf
rxn37018_d0,0,0,NaN
rxn37266_c0,-19.14,3.842e-14,100
rxn37266_d0,-0,-0,NaN
rxn37324_d0,0,0,NaN
rxn37324_r0,0,0,NaN
rxn37324_x0,0,0,NaN
rxn37585_c0,3.081,5.559e-14,99.9999999999982
rxn37610_d0,0.02149,-4.314e-17,100
rxn37610_m0,0,0,NaN
rxn37610_r0,0,0,NaN
rxn37651_d0,0,0,NaN
rxn37695_c0,-986.4,-1000,-1.37875101378751
rxn37863_c0,0,0,NaN
rxn38788_m0,-0.008428,1.692e-17,100
rxn38788_x0,-0,-0,NaN
rxn38795_m0,-0.05057,-1.192e-14,99.9999999999764
rxn39241_d0,4.184,6.711e-14,99.9999999999984
rxn39241_m0,0,0,NaN
rxn39241_v0,0,0,NaN
rxn39242_d0,1000,703.7,29.63
rxn39242_m0,776.1,1000,-28.8493750805309
rxn39242_v0,0,0,NaN
rxn39243_d0,1000,444.4,55.56
rxn39243_m0,-0.008428,555.6,6592411.34314191
rxn39243_v0,0,0,NaN
rxn39244_d0,-0.09574,5.431e-14,100.000000000057
rxn39245_c0,-2.528,4.886e-15,100
rxn39246_c0,-2.191,2.608e-15,100
rxn39247_c0,-2.191,2.608e-15,100
rxn39248_c0,0,4.886e-15,-Inf
rxn39249_m0,-0.008428,1.692e-17,100
rxn39250_c0,0.02528,-5.559e-14,100.00000000022
rxn39251_c0,0.02528,-5.559e-14,100.00000000022
rxn39252_c0,0.02528,-5.559e-14,100.00000000022
rxn39253_d0,-0.008428,1.692e-17,100
rxn39253_m0,0.008428,-1.692e-17,100
rxn39254_m0,-0.008428,1.692e-17,100
rxn39255_d0,-0.01306,2.622e-17,100
bio1_biomass,84.28,-1.692e-13,100
bio2_biomass,0,0,NaN
EX_cpd00013_e0,272,5.684e-13,99.9999999999998
EX_cpd00076_e0,-347.2,-69.44,80
EX_cpd00205_e0,-25.87,5.194e-14,100
EX_cpd00204_e0,0.008428,-5.556e-14,100.000000000659
EX_cpd00048_e0,-6.74,4.675e-14,100.000000000001
EX_cpd00209_e0,-0,-0,NaN
EX_cpd00001_e0,1000,763.9,23.61
EX_cpd00075_e0,-306,-0,100
EX_cpd00011_e0,1000,833.3,16.67
EX_cpd00007_e0,-195,-833.3,-327.333333333333
EX_cpd00073_e0,-121.9,3.869e-13,100
EX_cpd00067_e0,-497.8,4.988e-13,100
EX_cpd00099_e0,-17.7,3.553e-14,100
EX_cpd00009_e0,-29.63,4.075e-12,100.000000000014
EX_cpd11632_e0,-1000,-1.16e-25,100
DM_cpd02701_c0,0.008428,-1.692e-17,100
DM_cpd11416_c0,84.28,-1.692e-13,100
